student_id,first_name,last_name,email
1,Jeffrey,Berry,pittmantony@example.org
2,Brian,Salas,jenniferfuller@example.net
3,Samantha,Little,katie63@example.org
4,Nancy,Mays,alejandrohansen@example.com
5,Kimberly,Williams,ewilkinson@example.com
6,Riley,Levy,shelbysherman@example.net
7,Felicia,Torres,heather11@example.net
8,Joshua,Wilson,vincentcraig@example.com
9,Tiffany,Mclean,kristinmckee@example.net
10,Dorothy,Schwartz,qburton@example.com
11,Christina,Smith,kellyrivera@example.com
12,Kevin,Evans,irichardson@example.org
13,Seth,Martinez,michellegomez@example.net
14,Michael,Miller,ashley40@example.net
15,Mary,Pierce,hollyherrera@example.net
16,Jennifer,Jones,yramos@example.com
17,Jennifer,Johnson,justin11@example.com
18,Deborah,Lawson,christophervargas@example.com
19,Shelley,Lopez,ortegaamy@example.org
20,Jennifer,Franco,paulbrown@example.net
21,Cheryl,Moore,mary57@example.com
22,Suzanne,Nelson,keithgaines@example.org
23,Shannon,Berg,taylorbarrera@example.org
24,David,Lewis,destinyfox@example.com
25,Nicole,Kirby,justin55@example.com
26,Mark,Adams,marilynpetty@example.com
27,Carl,Bailey,robert04@example.com
28,Alexandra,Gonzalez,janejohnson@example.org
29,Rhonda,Cooper,susancordova@example.com
30,Whitney,Ashley,michael60@example.org
